Driver ID,Full Name,Experience (Years),License Expiry Date (YYYY-MM-DD),HAZMAT Expiry Date (YYYY-MM-DD)
DRV-001,,,,
DRV-002,,,,
DRV-003,,,,
DRV-004,,,,
DRV-005,,,,
DRV-006,,,,
DRV-007,,,,
DRV-008,,,,
DRV-009,,,,
DRV-010,,,,
DRV-011,,,,
DRV-012,,,,
DRV-013,,,,
DRV-014,,,,
DRV-015,,,,
DRV-016,,,,
DRV-017,,,,
DRV-018,,,,
DRV-019,,,,
DRV-020,,,,
DRV-021,,,,
DRV-022,,,,
DRV-023,,,,
DRV-024,,,,
DRV-025,,,,
DRV-026,,,,
DRV-027,,,,
DRV-028,,,,
DRV-029,,,,
DRV-030,,,,
DRV-031,,,,
DRV-032,,,,
DRV-033,,,,
DRV-034,,,,
DRV-035,,,,
DRV-036,,,,
DRV-037,,,,
DRV-038,,,,
DRV-039,,,,
DRV-040,,,,
