Truck ID,Registration Number,Model,Tank Type (SS316 / HDPE / FRP / Carbon Steel / Aluminum / Rubber-lined),Capacity (Tonnes),Ownership (Own / Lease),Next Service Date (YYYY-MM-DD),PESO License Expiry (YYYY-MM-DD),Calibration Expiry (YYYY-MM-DD),Insurance Expiry (YYYY-MM-DD),Fitness Expiry (YYYY-MM-DD),Pollution Expiry (YYYY-MM-DD),National Permit Expiry (YYYY-MM-DD),Road Tax Expiry (YYYY-MM-DD)
TRK-001,,,,,,,,,,,,,,
TRK-002,,,,,,,,,,,,,,
TRK-003,,,,,,,,,,,,,,
TRK-004,,,,,,,,,,,,,,
TRK-005,,,,,,,,,,,,,,
TRK-006,,,,,,,,,,,,,,
TRK-007,,,,,,,,,,,,,,
TRK-008,,,,,,,,,,,,,,
TRK-009,,,,,,,,,,,,,,
TRK-010,,,,,,,,,,,,,,
TRK-011,,,,,,,,,,,,,,
TRK-012,,,,,,,,,,,,,,
TRK-013,,,,,,,,,,,,,,
TRK-014,,,,,,,,,,,,,,
TRK-015,,,,,,,,,,,,,,
TRK-016,,,,,,,,,,,,,,
TRK-017,,,,,,,,,,,,,,
TRK-018,,,,,,,,,,,,,,
TRK-019,,,,,,,,,,,,,,
TRK-020,,,,,,,,,,,,,,
TRK-021,,,,,,,,,,,,,,
TRK-022,,,,,,,,,,,,,,
TRK-023,,,,,,,,,,,,,,
TRK-024,,,,,,,,,,,,,,
TRK-025,,,,,,,,,,,,,,
TRK-026,,,,,,,,,,,,,,
TRK-027,,,,,,,,,,,,,,
TRK-028,,,,,,,,,,,,,,
TRK-029,,,,,,,,,,,,,,
TRK-030,,,,,,,,,,,,,,
TRK-031,,,,,,,,,,,,,,
TRK-032,,,,,,,,,,,,,,
TRK-033,,,,,,,,,,,,,,
TRK-034,,,,,,,,,,,,,,
TRK-035,,,,,,,,,,,,,,
TRK-036,,,,,,,,,,,,,,
TRK-037,,,,,,,,,,,,,,
TRK-038,,,,,,,,,,,,,,
TRK-039,,,,,,,,,,,,,,
TRK-040,,,,,,,,,,,,,,
TRK-041,,,,,,,,,,,,,,
TRK-042,,,,,,,,,,,,,,
TRK-043,,,,,,,,,,,,,,
TRK-044,,,,,,,,,,,,,,
TRK-045,,,,,,,,,,,,,,
TRK-046,,,,,,,,,,,,,,
TRK-047,,,,,,,,,,,,,,
TRK-048,,,,,,,,,,,,,,
TRK-049,,,,,,,,,,,,,,
TRK-050,,,,,,,,,,,,,,
TRK-051,,,,,,,,,,,,,,
TRK-052,,,,,,,,,,,,,,
TRK-053,,,,,,,,,,,,,,
TRK-054,,,,,,,,,,,,,,
TRK-055,,,,,,,,,,,,,,
TRK-056,,,,,,,,,,,,,,
TRK-057,,,,,,,,,,,,,,
TRK-058,,,,,,,,,,,,,,
TRK-059,,,,,,,,,,,,,,
TRK-060,,,,,,,,,,,,,,
TRK-061,,,,,,,,,,,,,,
TRK-062,,,,,,,,,,,,,,
TRK-063,,,,,,,,,,,,,,
TRK-064,,,,,,,,,,,,,,
TRK-065,,,,,,,,,,,,,,
TRK-066,,,,,,,,,,,,,,
TRK-067,,,,,,,,,,,,,,
TRK-068,,,,,,,,,,,,,,
TRK-069,,,,,,,,,,,,,,
TRK-070,,,,,,,,,,,,,,
TRK-071,,,,,,,,,,,,,,
TRK-072,,,,,,,,,,,,,,
TRK-073,,,,,,,,,,,,,,
TRK-074,,,,,,,,,,,,,,
TRK-075,,,,,,,,,,,,,,
TRK-076,,,,,,,,,,,,,,
TRK-077,,,,,,,,,,,,,,
TRK-078,,,,,,,,,,,,,,
TRK-079,,,,,,,,,,,,,,
TRK-080,,,,,,,,,,,,,,
